Keyword,Intents,Volume,Keyword Difficulty,CPC,Competition Density,https://www.webpagetest.org/blank.html,boxhero.io,inflowinventory.com,fishbowlinventory.com,sortly.com,https://www.webpagetest.org/blank.html (pages),boxhero.io (pages),inflowinventory.com (pages),fishbowlinventory.com (pages),sortly.com (pages),Results
inventory management with barcode scanning,"Commercial, Informational",480,29,23.26,0.36,0,79,3,52,5,,https://www.boxhero.io/en/blog/5-best-inventory-management-software-with-barcode-scanning-3,https://www.inflowinventory.com/blog/inventory-barcode-system/,https://www.fishbowlinventory.com/blog/small-business-barcode-inventory-system,https://www.sortly.com/barcode-inventory-system/,5740000
perpetual inventory vs periodic inventory,Commercial,480,18,0.72,0.01,0,15,19,25,60,,https://www.boxhero.io/en/blog/perpetual-vs-periodic-inventory,https://www.inflowinventory.com/blog/periodic-vs-perpetual-inventory/,https://www.fishbowlinventory.com/blog/periodic-vs-perpetual-inventory-accounting,https://www.sortly.com/blog/perpetual-inventory-and-physical-inventory/,1930000
barcode and inventory software,"Informational, Transactional",390,25,20.27,0.39,0,82,8,66,2,,https://www.boxhero.io/en/blog/5-best-inventory-management-software-with-barcode-scanning-3,https://www.inflowinventory.com/features/barcode-software,https://www.fishbowlinventory.com/blog/the-power-of-barcodes-simplifying-inventory-management-with-barcode-inventory-software,https://www.sortly.com/barcode-inventory-system/,9230000
warehouse inventory tracking,Commercial,390,15,15.71,0.24,0,24,35,20,1,,https://www.boxhero.io/en/solutions/warehouse-management,https://www.inflowinventory.com/,https://www.fishbowlinventory.com/warehouse-management,https://www.sortly.com/industries/warehouse-inventory-management-software/,7
barcode inventory control software,"Informational, Transactional",320,18,19.67,0.15,0,73,10,49,1,,https://www.boxhero.io/en/blog/5-best-inventory-management-software-with-barcode-scanning-3,https://www.inflowinventory.com/blog/inventory-barcode-system/,https://www.fishbowlinventory.com/blog/the-power-of-barcodes-simplifying-inventory-management-with-barcode-inventory-software,https://www.sortly.com/barcode-inventory-system/,10
barcode inventory tracking software,"Informational, Transactional",320,16,19.67,0.15,0,56,12,37,1,,https://www.boxhero.io/en/,https://www.inflowinventory.com/blog/inventory-barcode-system/,https://www.fishbowlinventory.com/blog/small-business-barcode-inventory-system,https://www.sortly.com/barcode-inventory-system/,10
inventory management software with barcode scanner,"Commercial, Informational",320,24,19.71,0.63,0,31,21,50,3,,https://www.boxhero.io/en/blog/5-best-inventory-management-software-with-barcode-scanning-3,https://www.inflowinventory.com/blog/inventory-barcode-system/,https://www.fishbowlinventory.com/tools,https://www.sortly.com/barcode-inventory-system/,2870000
warehouse management system for small business,Commercial,320,23,34.26,0.19,0,44,9,15,22,,https://www.boxhero.io/en/blog/what-is-a-warehouse-management-system-wms-everything-you-need-to-know-in-2025,https://www.inflowinventory.com/use-cases/warehouse-management-software,https://www.fishbowlinventory.com/,https://www.sortly.com/,146000000
barcode stock management software,"Informational, Transactional",260,14,19.67,0.15,0,63,11,53,1,,https://www.boxhero.io/en/blog/5-best-inventory-management-software-with-barcode-scanning-3,https://www.inflowinventory.com/blog/inventory-barcode-system/,https://www.fishbowlinventory.com/blog/the-power-of-barcodes-simplifying-inventory-management-with-barcode-inventory-software,https://www.sortly.com/barcode-inventory-system/,8
barcode stock software,"Informational, Transactional",260,30,19.67,0.15,0,76,5,31,1,,https://www.boxhero.io/en/blog/5-best-inventory-management-software-with-barcode-scanning-3,https://www.inflowinventory.com/features/barcode-software,https://www.fishbowlinventory.com/blog/the-power-of-barcodes-simplifying-inventory-management-with-barcode-inventory-software,https://www.sortly.com/barcode-inventory-system/,17500000
barcode scanner and software for inventory,Commercial,210,23,23.26,0.36,0,73,27,60,2,,https://www.boxhero.io/en/blog/5-best-inventory-management-software-with-barcode-scanning-3,https://www.inflowinventory.com/blog/inventory-barcode-system/,https://www.fishbowlinventory.com/blog/small-business-barcode-inventory-system,https://www.sortly.com/barcode-inventory-system/,2650000
inventory management software with scanner,Commercial,210,24,18.52,0.27,0,55,27,83,4,,https://www.boxhero.io/en/,https://www.inflowinventory.com/blog/inventory-barcode-system/,https://www.fishbowlinventory.com/,https://www.sortly.com/barcode-inventory-system/,0
inventory mangement system inventory mangement software,Commercial,210,29,0.00,0.00,0,16,4,30,2,,https://www.boxhero.io/en/,https://www.inflowinventory.com/,https://www.fishbowlinventory.com/,https://www.sortly.com/,10
inventory perpetual vs periodic,Commercial,210,15,0.72,0.01,0,14,10,77,55,,https://www.boxhero.io/en/blog/perpetual-vs-periodic-inventory,https://www.inflowinventory.com/blog/periodic-vs-perpetual-inventory/,https://www.fishbowlinventory.com/blog/periodic-vs-perpetual-inventory-accounting,https://www.sortly.com/blog/perpetual-inventory-and-physical-inventory/,1940000
inventory scanners and software,Commercial,210,25,21.27,0.86,0,64,34,22,10,,https://www.boxhero.io/en/blog/5-best-inventory-management-software-with-barcode-scanning-3,https://www.inflowinventory.com/blog/inventory-barcode-system/,https://www.fishbowlinventory.com/tools,https://www.sortly.com/barcode-inventory-system/,6740000
inventory software with scanner,Commercial,210,24,18.52,0.27,0,17,33,81,3,,https://www.boxhero.io/en/,https://www.inflowinventory.com/features/barcode-software,https://www.fishbowlinventory.com/tools,https://www.sortly.com/barcode-inventory-system/,10100000
periodic inventory vs perpetual inventory,"Commercial, Informational",210,25,0.00,0.00,0,38,12,16,87,,https://www.boxhero.io/en/blog/perpetual-vs-periodic-inventory,https://www.inflowinventory.com/blog/periodic-vs-perpetual-inventory/,https://www.fishbowlinventory.com/blog/periodic-vs-perpetual-inventory-accounting,https://www.sortly.com/blog/perpetual-inventory-and-physical-inventory/,2180000
real time inventory management software,"Informational, Transactional",210,26,24.07,0.10,0,28,47,21,1,,https://www.boxhero.io/en/,https://www.inflowinventory.com/,https://www.fishbowlinventory.com/features/real-time-inventory,https://www.sortly.com/,10
stock barcode scanner,Commercial,210,18,12.08,0.97,0,75,31,74,8,,https://www.boxhero.io/en/features/barcoding,https://www.inflowinventory.com/blog/inventory-barcode-system/,https://www.fishbowlinventory.com/blog/small-business-barcode-inventory-system,https://www.sortly.com/barcode-inventory-system/,21500000
barcode scanner inventory software,"Commercial, Informational",170,21,14.84,0.08,0,83,89,40,5,,https://www.boxhero.io/en/blog/5-best-inventory-management-software-with-barcode-scanning-3,https://www.inflowinventory.com/features/barcode-software,https://www.fishbowlinventory.com/solutions/barcode-scanning-solution,https://www.sortly.com/barcode-inventory-system/,2580000
barcode stock control software,"Informational, Transactional",170,25,19.67,0.15,0,66,13,69,1,,https://www.boxhero.io/en/blog/5-best-inventory-management-software-with-barcode-scanning-3,https://www.inflowinventory.com/blog/inventory-barcode-system/,https://www.fishbowlinventory.com/blog/the-power-of-barcodes-simplifying-inventory-management-with-barcode-inventory-software,https://www.sortly.com/barcode-inventory-system/,10900000
inventory control software barcode,"Commercial, Informational",170,27,20.27,0.39,0,95,10,72,2,,https://www.boxhero.io/en/blog/5-best-inventory-management-software-with-barcode-scanning-3,https://www.inflowinventory.com/blog/inventory-barcode-system/,https://www.fishbowlinventory.com/blog/the-power-of-barcodes-simplifying-inventory-management-with-barcode-inventory-software,https://www.sortly.com/barcode-inventory-system/,6990000
best inventory management software for ecommerce,Commercial,140,15,38.09,0.27,0,78,18,2,7,,https://www.boxhero.io/en/blog/best-e-commerce-inventory-management-software,https://www.inflowinventory.com/,https://www.fishbowlinventory.com/blog/e-commerce-inventory-management-techniques-and-software,https://www.sortly.com/,8720000
ecommerce stock management,"Commercial, Informational",140,18,19.26,0.07,0,77,95,7,48,,https://www.boxhero.io/en/blog/best-e-commerce-inventory-management-software,https://www.inflowinventory.com/,https://www.fishbowlinventory.com/blog/e-commerce-inventory-management-techniques-and-software,https://www.sortly.com/,24600000
best ecommerce inventory management,Commercial,110,19,38.09,0.27,0,63,11,2,5,,https://www.boxhero.io/en/blog/best-e-commerce-inventory-management-software,https://www.inflowinventory.com/,https://www.fishbowlinventory.com/blog/e-commerce-inventory-management-techniques-and-software,https://www.sortly.com/,13700000
inventory software with barcode,Commercial,110,29,19.67,0.15,0,64,9,61,3,,https://www.boxhero.io/en/blog/5-best-inventory-management-software-with-barcode-scanning-3,https://www.inflowinventory.com/blog/inventory-barcode-system/,https://www.fishbowlinventory.com/blog/the-power-of-barcodes-simplifying-inventory-management-with-barcode-inventory-software,https://www.sortly.com/barcode-inventory-system/,9200000
warehouse inventory management software with barcode scanner,Commercial,110,16,20.10,0.09,0,69,39,44,5,,https://www.boxhero.io/en/blog/5-best-inventory-management-software-with-barcode-scanning-3,https://www.inflowinventory.com/blog/inventory-barcode-system/,https://www.fishbowlinventory.com/blog/how-to-implement-a-barcode-system-for-inventory,https://www.sortly.com/,392000
barcode inventory management system for small business,Commercial,90,10,0.00,0.03,0,65,12,6,5,,https://www.boxhero.io/en/blog/5-best-inventory-management-software-with-barcode-scanning-3,https://www.inflowinventory.com/blog/inventory-barcode-system/,https://www.fishbowlinventory.com/blog/small-business-barcode-inventory-system,https://www.sortly.com/barcode-inventory-system/,3490000
best construction inventory management software,Commercial,90,9,16.39,0.15,0,24,46,30,2,,https://www.boxhero.io/en/industries/construction,https://www.inflowinventory.com/,https://www.fishbowlinventory.com/industries/construction-and-trades,https://www.sortly.com/industries/construction-inventory-management-software/,10
best inventory software for ecommerce,Commercial,90,30,38.09,0.27,0,16,21,2,15,,https://www.boxhero.io/en/blog/best-e-commerce-inventory-management-software,https://www.inflowinventory.com/,https://www.fishbowlinventory.com/blog/e-commerce-inventory-management-techniques-and-software,https://www.sortly.com/,9830000
inventory management software demo,Commercial,90,29,62.07,0.02,0,21,10,7,8,,https://www.boxhero.io/en/,https://www.inflowinventory.com/,https://www.fishbowlinventory.com/demo,https://www.sortly.com/,24200000
inventory management software with barcode,Commercial,90,22,21.69,0.25,0,48,20,33,2,,https://www.boxhero.io/en/blog/5-best-inventory-management-software-with-barcode-scanning-3,https://www.inflowinventory.com/blog/inventory-barcode-system/,https://www.fishbowlinventory.com/blog/small-business-barcode-inventory-system,https://www.sortly.com/barcode-inventory-system/,5840000
inventory management system demo,Commercial,90,14,62.07,0.02,0,22,7,5,12,,https://www.boxhero.io/en/,https://www.inflowinventory.com/,https://www.fishbowlinventory.com/demo,https://www.sortly.com/,58700000
barcoding software for inventory,"Commercial, Informational",70,27,19.90,0.20,0,67,10,26,2,,https://www.boxhero.io/en/blog/5-best-inventory-management-software-with-barcode-scanning-3,https://www.inflowinventory.com/features/barcode-software,https://www.fishbowlinventory.com/blog/the-power-of-barcodes-simplifying-inventory-management-with-barcode-inventory-software,https://www.sortly.com/barcode-inventory-system/,430000
inventory management platforms for ecommerce 2025,Commercial,70,10,0.00,0.00,0,10,74,3,56,,https://www.boxhero.io/en/blog/best-e-commerce-inventory-management-software,https://www.inflowinventory.com/,https://www.fishbowlinventory.com/blog/e-commerce-inventory-management-techniques-and-software,https://www.sortly.com/,29600000
inventory management with scanner,Commercial,70,23,21.27,0.86,0,97,12,25,9,,https://www.boxhero.io/en/blog/5-best-inventory-management-software-with-barcode-scanning-3,https://www.inflowinventory.com/blog/inventory-barcode-system/,https://www.fishbowlinventory.com/tools,https://www.sortly.com/barcode-inventory-system/,8850000
inventory scanner software,Commercial,70,23,18.52,0.27,0,69,25,61,2,,https://www.boxhero.io/en/blog/5-best-inventory-management-software-with-barcode-scanning-3,https://www.inflowinventory.com/features/barcode-software,https://www.fishbowlinventory.com/blog/small-business-barcode-inventory-system,https://www.sortly.com/barcode-inventory-system/,0
inventory tracking app android,"Commercial, Informational",70,18,8.10,0.05,0,44,18,45,4,,https://www.boxhero.io/en/,https://www.inflowinventory.com/,https://www.fishbowlinventory.com/,https://www.sortly.com/,213000000
scanner inventory software,Commercial,70,18,18.52,0.27,0,88,28,23,3,,https://www.boxhero.io/en/blog/5-best-inventory-management-software-with-barcode-scanning-3,https://www.inflowinventory.com/features/barcode-software,https://www.fishbowlinventory.com/tools,https://www.sortly.com/barcode-inventory-system/,10800000
stock management app android,Transactional,70,26,8.10,0.05,0,74,27,36,3,,https://www.boxhero.io/en/,https://www.inflowinventory.com/,https://www.fishbowlinventory.com/,https://www.sortly.com/,69900000
what is the difference between periodic and perpetual inventory systems,"Commercial, Informational",70,15,0.00,0.02,0,18,24,97,63,,https://www.boxhero.io/en/blog/perpetual-vs-periodic-inventory,https://www.inflowinventory.com/blog/periodic-vs-perpetual-inventory/,https://www.fishbowlinventory.com/blog/periodic-vs-perpetual-inventory-accounting,https://www.sortly.com/blog/perpetual-inventory-and-physical-inventory/,1770000
barcode scanning inventory software,"Informational, Transactional",50,21,14.84,0.08,0,56,12,81,2,,https://www.boxhero.io/en/blog/5-best-inventory-management-software-with-barcode-scanning-3,https://www.inflowinventory.com/features/barcode-software,https://www.fishbowlinventory.com/blog/the-power-of-barcodes-simplifying-inventory-management-with-barcode-inventory-software,https://www.sortly.com/barcode-inventory-system/,4200000
best inventory management software with barcode scanner,Commercial,50,20,31.03,0.64,0,76,22,36,2,,https://www.boxhero.io/en/blog/5-best-inventory-management-software-with-barcode-scanning-3,https://www.inflowinventory.com/features/barcode-software,https://www.fishbowlinventory.com/blog/small-business-barcode-inventory-system,https://www.sortly.com/barcode-inventory-system/,554000
free warehouse inventory software,"Informational, Transactional",50,30,10.85,0.27,0,48,36,66,11,,https://www.boxhero.io/en/,https://www.inflowinventory.com/,https://www.fishbowlinventory.com/warehouse-management,https://www.sortly.com/,19500000
inventory management demo,"Informational, Transactional",50,29,62.07,0.02,0,22,15,6,9,,https://www.boxhero.io/en/,https://www.inflowinventory.com/,https://www.fishbowlinventory.com/demo,https://www.sortly.com/,34700000
simple inventory software for small business,Commercial,50,24,20.27,0.11,0,3,14,40,1,,https://www.boxhero.io/en/,https://www.inflowinventory.com/,https://www.fishbowlinventory.com/,https://www.sortly.com/,34400000
stock management software demo,"Commercial, Informational",50,28,62.07,0.02,0,16,10,6,8,,https://www.boxhero.io/en/,https://www.inflowinventory.com/,https://www.fishbowlinventory.com/demo,https://www.sortly.com/,31500000
